"Longitude (x)","Latitude (y)","Station Name","Climate ID","Date/Time","Year","Month","Day","Data Quality","Max Temp (°C)","Max Temp Flag","Min Temp (°C)","Min Temp Flag","Mean Temp (°C)","Mean Temp Flag","Heat Deg Days (°C)","Heat Deg Days Flag","Cool Deg Days (°C)","Cool Deg Days Flag","Total Rain (mm)","Total Rain Flag","Total Snow (cm)","Total Snow Flag","Total Precip (mm)","Total Precip Flag","Snow on Grnd (cm)","Snow on Grnd Flag","Dir of Max Gust (10s deg)","Dir of Max Gust Flag","Spd of Max Gust (km/h)","Spd of Max Gust Flag"
"-75.67","45.32","OTTAWA INTL A","6106001","2024-01-01","2024","01","01","","-4.3","","-8.8","","-6.6","","24.6","","0.0","","0.0","","0.0","T","0.0","T","","","","M","","M"
"-75.67","45.32","OTTAWA INTL A","6106001","2024-01-02","2024","01","02","","0.6","","-7.0","","-3.2","","21.2","","0.0","","0.0","","0.0","","0.0","","","","20","","37",""
"-75.67","45.32","OTTAWA INTL A","6106001","2024-01-03","2024","01","03","","2.5","","-0.5","","1.0","","17.0","","0.0","","0.0","","0.4","","0.2","","0","T","22","","32",""
"-75.67","45.32","OTTAWA INTL A","6106001","2024-01-04","2024","01","04","","0.1","","-14.5","","-7.2","","25.2","","0.0","","0.0","","0.0","T","0.0","T","0","T","32","","52",""
"-75.67","45.32","OTTAWA INTL A","6106001","2024-01-05","2024","01","05","","-1.9","","-14.4","","-8.2","","26.2","","0.0","","0.0","","0.0","T","0.0","T","0","T","22","","36",""
"-75.67","45.32","OTTAWA INTL A","6106001","2024-01-06","2024","01","06","","-2.9","","-10.9","","-6.9","","24.9","","0.0","","0.0","","5.4","","3.4","","0","T","7","","41",""
"-75.67","45.32","OTTAWA INTL A","6106001","2024-01-07","2024","01","07","","-5.1","","-10.2","","-7.7","","25.7","","0.0","","0.0","","7.4","","4.8","","8","","7","","34",""
"-75.67","45.32","OTTAWA INTL A","6106001","2024-01-08","2024","01","08","","-1.9","","-6.6","","-4.3","","22.3","","0.0","","0.0","","0.0","","0.0","","11","","","M","","M"
"-75.67","45.32","OTTAWA INTL A","6106001","2024-01-09","2024","01","09","","0.4","","-6.5","","-3.1","","21.1","","0.0","","2.4","","8.6","","7.8","","11","","6","","62",""
"-75.67","45.32","OTTAWA INTL A","6106001","2024-01-10","2024","01","10","","5.0","","-5.3","","-0.2","","18.2","","0.0","","4.2","","0.0","T","4.2","","15","","27","","58",""
"-75.67","45.32","OTTAWA INTL A","6106001","2024-01-11","2024","01","11","","-5.1","","-8.5","","-6.8","","24.8","","0.0","","0.0","","0.8","","0.6","","10","","29","","37",""
"-75.67","45.32","OTTAWA INTL A","6106001","2024-01-12","2024","01","12","","-5.2","","-10.4","","-7.8","","25.8","","0.0","","0.0","","4.2","","2.0","","9","","6","","62",""
"-75.67","45.32","OTTAWA INTL A","6106001","2024-01-13","2024","01","13","","1.9","","-6.4","","-2.3","","20.3","","0.0","","0.0","","14.8","","10.1","","23","","7","","70",""
"-75.67","45.32","OTTAWA INTL A","6106001","2024-01-14","2024","01","14","","-3.0","","-8.4","","-5.7","","23.7","","0.0","","0.0","","0.0","T","0.0","T","23","","23","","73",""
"-75.67","45.32","OTTAWA INTL A","6106001","2024-01-15","2024","01","15","","-7.2","","-12.3","","-9.8","","27.8","","0.0","","0.0","","0.0","","0.0","","22","","23","","44",""
"-75.67","45.32","OTTAWA INTL A","6106001","2024-01-16","2024","01","16","","-7.8","","-16.1","","-12.0","","30.0","","0.0","","0.0","","6.8","","3.4","","20","","","M","","M"
"-75.67","45.32","OTTAWA INTL A","6106001","2024-01-17","2024","01","17","","-9.2","","-17.1","","-13.2","","31.2","","0.0","","0.0","","0.0","","0.0","","27","","22","","42",""
"-75.67","45.32","OTTAWA INTL A","6106001","2024-01-18","2024","01","18","","-7.5","","-12.8","","-10.2","","28.2","","0.0","","0.0","","0.2","","0.0","T","26","","","M","","M"
"-75.67","45.32","OTTAWA INTL A","6106001","2024-01-19","2024","01","19","","-10.7","","-17.8","","-14.3","","32.3","","0.0","","0.0","","0.0","","0.0","","25","","1","","37",""
"-75.67","45.32","OTTAWA INTL A","6106001","2024-01-20","2024","01","20","","-11.5","","-17.1","","-14.3","","32.3","","0.0","","0.0","","0.2","","0.2","","24","","32","","42",""
"-75.67","45.32","OTTAWA INTL A","6106001","2024-01-21","2024","01","21","","-10.4","","-18.7","","-14.6","","32.6","","0.0","","0.0","","0.0","T","0.0","T","23","","30","","32",""
"-75.67","45.32","OTTAWA INTL A","6106001","2024-01-22","2024","01","22","","-1.3","","-12.1","","-6.7","","24.7","","0.0","","0.0","","2.2","","1.4","","24","E","21","","48",""
"-75.67","45.32","OTTAWA INTL A","6106001","2024-01-23","2024","01","23","","-1.2","","-9.5","","-5.4","","23.4","","0.0","","0.0","","0.6","","0.4","","23","","9","","38",""
"-75.67","45.32","OTTAWA INTL A","6106001","2024-01-24","2024","01","24","","-3.5","","-10.9","","-7.2","","25.2","","0.0","","4.6","","2.8","","6.4","","26","","6","","38",""
"-75.67","45.32","OTTAWA INTL A","6106001","2024-01-25","2024","01","25","","0.1","","-3.7","","-1.8","","19.8","","0.0","","0.3","","0.0","","0.3","","23","","","M","","M"
"-75.67","45.32","OTTAWA INTL A","6106001","2024-01-26","2024","01","26","","1.6","","-1.3","","0.2","","17.8","","0.0","","6.4","","0.0","T","6.6","","22","","4","","33",""
"-75.67","45.32","OTTAWA INTL A","6106001","2024-01-27","2024","01","27","","1.1","","-0.2","","0.5","","17.5","","0.0","","0.0","","0.2","","0.2","","17","","","M","","M"
"-75.67","45.32","OTTAWA INTL A","6106001","2024-01-28","2024","01","28","","1.6","","-0.6","","0.5","","17.5","","0.0","","0.0","","0.0","T","0.0","T","16","","","M","","M"
"-75.67","45.32","OTTAWA INTL A","6106001","2024-01-29","2024","01","29","","-0.2","","-7.9","","-4.1","","22.1","","0.0","","0.0","","0.0","","0.0","","15","","35","","32",""
"-75.67","45.32","OTTAWA INTL A","6106001","2024-01-30","2024","01","30","","-4.0","","-7.7","","-5.9","","23.9","","0.0","","0.0","","0.0","","0.0","","15","","9","","37",""
"-75.67","45.32","OTTAWA INTL A","6106001","2024-01-31","2024","01","31","","2.0","","-8.0","","-3.0","","21.0","","0.0","","0.0","","0.0","","0.0","","15","","","M","","M"
"-75.67","45.32","OTTAWA INTL A","6106001","2024-02-01","2024","02","01","","2.7","","0.5","","1.6","","16.4","","0.0","","0.5","","0.0","","0.5","","15","","22","","32",""
"-75.67","45.32","OTTAWA INTL A","6106001","2024-02-02","2024","02","02","","1.7","","-4.4","","-1.4","","19.4","","0.0","","0.0","","0.0","T","0.0","T","14","","33","","39",""
"-75.67","45.32","OTTAWA INTL A","6106001","2024-02-03","2024","02","03","","-2.3","","-6.8","","-4.6","","22.6","","0.0","","0.0","","0.0","","0.0","","14","","","M","","M"
"-75.67","45.32","OTTAWA INTL A","6106001","2024-02-04","2024","02","04","","-0.6","","-7.7","","-4.2","","22.2","","0.0","","0.0","","0.0","","0.0","","14","","","M","","M"
"-75.67","45.32","OTTAWA INTL A","6106001","2024-02-05","2024","02","05","","1.7","","-6.3","","-2.3","","20.3","","0.0","","0.0","","0.0","","0.0","","14","","","M","","M"
"-75.67","45.32","OTTAWA INTL A","6106001","2024-02-06","2024","02","06","","0.4","","-8.9","","-4.3","","22.3","","0.0","","0.0","","0.0","","0.0","","13","","","M","","M"
"-75.67","45.32","OTTAWA INTL A","6106001","2024-02-07","2024","02","07","","-0.3","","-8.8","","-4.6","","22.6","","0.0","","0.0","","0.0","","0.0","","13","","","M","","M"
"-75.67","45.32","OTTAWA INTL A","6106001","2024-02-08","2024","02","08","","4.0","","-6.3","","-1.2","","19.2","","0.0","","0.0","","0.0","","0.0","","12","","","M","","M"
"-75.67","45.32","OTTAWA INTL A","6106001","2024-02-09","2024","02","09","","9.9","","-1.3","","4.3","","13.7","","0.0","","1.4","","0.0","","1.4","","10","","23","","36",""
"-75.67","45.32","OTTAWA INTL A","6106001","2024-02-10","2024","02","10","","6.0","","2.2","","4.1","","13.9","","0.0","","0.0","","0.0","","0.0","","6","","27","","31",""
"-75.67","45.32","OTTAWA INTL A","6106001","2024-02-11","2024","02","11","","2.7","","-0.3","","1.2","","16.8","","0.0","","0.0","","0.0","","0.0","","6","","26","","37",""
"-75.67","45.32","OTTAWA INTL A","6106001","2024-02-12","2024","02","12","","2.2","","-4.3","","-1.1","","19.1","","0.0","","0.0","","0.0","T","0.0","T","5","","","M","","M"
"-75.67","45.32","OTTAWA INTL A","6106001","2024-02-13","2024","02","13","","2.4","","-9.7","","-3.7","","21.7","","0.0","","0.0","","0.2","","0.2","","5","","32","","57",""
"-75.67","45.32","OTTAWA INTL A","6106001","2024-02-14","2024","02","14","","-5.1","","-10.7","","-7.9","","25.9","","0.0","","0.0","","0.0","T","0.0","T","3","","28","","48",""
"-75.67","45.32","OTTAWA INTL A","6106001","2024-02-15","2024","02","15","","-4.2","","-13.2","","-8.7","","26.7","","0.0","","0.0","","9.8","","7.4","","3","","6","","38",""
"-75.67","45.32","OTTAWA INTL A","6106001","2024-02-16","2024","02","16","","-2.4","","-10.2","","-6.3","","24.3","","0.0","","0.0","","1.0","","0.6","","12","","27","","49",""
"-75.67","45.32","OTTAWA INTL A","6106001","2024-02-17","2024","02","17","","-8.7","","-16.4","","-12.6","","30.6","","0.0","","0.0","","0.0","T","0.0","T","12","","25","","40",""
"-75.67","45.32","OTTAWA INTL A","6106001","2024-02-18","2024","02","18","","-1.8","","-15.2","","-8.5","","26.5","","0.0","","0.0","","3.2","","2.4","","13","","33","","60",""
"-75.67","45.32","OTTAWA INTL A","6106001","2024-02-19","2024","02","19","","-9.7","","-16.2","","-13.0","","31.0","","0.0","","0.0","","0.0","","0.0","","14","","30","","50",""
"-75.67","45.32","OTTAWA INTL A","6106001","2024-02-20","2024","02","20","","-7.0","","-13.1","","-10.1","","28.1","","0.0","","0.0","","0.0","T","0.0","T","14","","","M","","M"
"-75.67","45.32","OTTAWA INTL A","6106001","2024-02-21","2024","02","21","","4.8","","-14.2","","-4.7","","22.7","","0.0","","0.0","","0.0","T","0.0","T","14","","","M","","M"
"-75.67","45.32","OTTAWA INTL A","6106001","2024-02-22","2024","02","22","","7.5","","0.2","","3.9","","14.1","","0.0","","0.2","","0.4","","0.9","","11","","19","","32",""
"-75.67","45.32","OTTAWA INTL A","6106001","2024-02-23","2024","02","23","","4.0","","-12.9","","-4.5","","22.5","","0.0","","0.0","","0.0","T","0.0","T","7","","33","","50",""
"-75.67","45.32","OTTAWA INTL A","6106001","2024-02-24","2024","02","24","","-9.6","","-16.9","","-13.3","","31.3","","0.0","","0.0","","0.0","","0.0","","6","","33","","39",""
"-75.67","45.32","OTTAWA INTL A","6106001","2024-02-25","2024","02","25","","1.5","","-14.6","","-6.6","","24.6","","0.0","","0.0","","0.0","T","0.0","T","6","","20","","44",""
"-75.67","45.32","OTTAWA INTL A","6106001","2024-02-26","2024","02","26","","4.0","","-2.0","","1.0","","17.0","","0.0","","0.0","","0.6","","0.4","","5","","29","","46",""
"-75.67","45.32","OTTAWA INTL A","6106001","2024-02-27","2024","02","27","","11.9","","-2.5","","4.7","","13.3","","0.0","","0.0","","0.0","","0.0","","3","","","M","","M"
"-75.67","45.32","OTTAWA INTL A","6106001","2024-02-28","2024","02","28","","15.7","","-12.9","","1.4","","16.6","","0.0","","2.2","","0.0","T","2.2","","0","T","29","","94",""
"-75.67","45.32","OTTAWA INTL A","6106001","2024-02-29","2024","02","29","","-7.9","","-13.7","","-10.8","","28.8","","0.0","","0.0","","0.0","","0.0","","0","T","29","","67",""
"-75.67","45.32","OTTAWA INTL A","6106001","2024-03-01","2024","03","01","","6.0","","-12.4","","-3.2","","21.2","","0.0","","0.0","","0.0","","0.0","","0","T","19","","32",""
"-75.67","45.32","OTTAWA INTL A","6106001","2024-03-02","2024","03","02","","6.2","","-4.3","","1.0","","17.0","","0.0","","0.0","T","0.0","","0.0","T","0","T","20","","37",""
"-75.67","45.32","OTTAWA INTL A","6106001","2024-03-03","2024","03","03","","7.4","","0.1","","3.8","","14.2","","0.0","","0.0","T","0.0","","0.0","T","0","T","","M","","M"
"-75.67","45.32","OTTAWA INTL A","6106001","2024-03-04","2024","03","04","","11.9","","1.1","","6.5","","11.5","","0.0","","0.0","T","0.0","","0.0","T","","","6","","31",""
"-75.67","45.32","OTTAWA INTL A","6106001","2024-03-05","2024","03","05","","17.5","","-0.6","","8.5","","9.5","","0.0","","1.4","","0.0","","1.4","","","","18","","36",""
"-75.67","45.32","OTTAWA INTL A","6106001","2024-03-06","2024","03","06","","6.1","","3.5","","4.8","","13.2","","0.0","","2.5","","0.0","","2.5","","","","3","","32",""
"-75.67","45.32","OTTAWA INTL A","6106001","2024-03-07","2024","03","07","","11.0","","-2.1","","4.5","","13.5","","0.0","","0.0","","0.0","","0.0","","","","2","","33",""
"-75.67","45.32","OTTAWA INTL A","6106001","2024-03-08","2024","03","08","","8.5","","-2.9","","2.8","","15.2","","0.0","","0.0","","0.0","","0.0","","","","8","","36",""
"-75.67","45.32","OTTAWA INTL A","6106001","2024-03-09","2024","03","09","","8.1","","0.3","","4.2","","13.8","","0.0","","13.7","","0.0","","13.7","","","","17","","61",""
"-75.67","45.32","OTTAWA INTL A","6106001","2024-03-10","2024","03","10","","4.6","","-4.9","","-0.2","","18.2","","0.0","","7.3","","1.6","","8.3","","0","T","28","","52",""
"-75.67","45.32","OTTAWA INTL A","6106001","2024-03-11","2024","03","11","","4.9","","-4.0","","0.5","","17.5","","0.0","","0.0","","0.0","T","0.0","T","1","","29","","62",""
"-75.67","45.32","OTTAWA INTL A","6106001","2024-03-12","2024","03","12","","11.3","","-4.1","","3.6","","14.4","","0.0","","0.0","","0.0","","0.0","","","","30","","31",""
"-75.67","45.32","OTTAWA INTL A","6106001","2024-03-13","2024","03","13","","10.2","","-1.1","","4.6","","13.4","","0.0","","0.0","","0.0","","0.0","","","","7","","36",""
"-75.67","45.32","OTTAWA INTL A","6106001","2024-03-14","2024","03","14","","13.2","","-3.6","","4.8","","13.2","","0.0","","1.2","","0.0","","1.2","","","","","M","","M"
"-75.67","45.32","OTTAWA INTL A","6106001","2024-03-15","2024","03","15","","12.2","","0.3","","6.3","","11.7","","0.0","","1.5","","0.0","","1.5","","","","33","","35",""
"-75.67","45.32","OTTAWA INTL A","6106001","2024-03-16","2024","03","16","","6.5","","-2.8","","1.9","","16.1","","0.0","","2.1","","0.0","T","2.1","","","","19","","45",""
"-75.67","45.32","OTTAWA INTL A","6106001","2024-03-17","2024","03","17","","6.7","","0.5","","3.6","","14.4","","0.0","","5.5","","0.0","","5.5","","","","28","","40",""
"-75.67","45.32","OTTAWA INTL A","6106001","2024-03-18","2024","03","18","","1.1","","-5.2","","-2.1","","20.1","","0.0","","0.0","","1.0","","0.4","","0","T","27","","48",""
"-75.67","45.32","OTTAWA INTL A","6106001","2024-03-19","2024","03","19","","-0.1","","-8.3","","-4.2","","22.2","","0.0","","0.0","","0.8","","0.4","","0","T","31","","39",""
"-75.67","45.32","OTTAWA INTL A","6106001","2024-03-20","2024","03","20","","4.1","","-8.0","","-2.0","","20.0","","0.0","","0.0","","0.0","T","0.0","T","0","T","31","","62",""
"-75.67","45.32","OTTAWA INTL A","6106001","2024-03-21","2024","03","21","","-3.7","","-10.9","","-7.3","","25.3","","0.0","","0.0","","0.6","","0.2","","0","T","30","","58",""
"-75.67","45.32","OTTAWA INTL A","6106001","2024-03-22","2024","03","22","","-4.1","","-13.8","","-9.0","","27.0","","0.0","","0.0","","0.0","","0.0","","","","","M","","M"
"-75.67","45.32","OTTAWA INTL A","6106001","2024-03-23","2024","03","23","","-0.7","","-9.4","","-5.1","","23.1","","0.0","","0.0","","1.2","","0.8","","1","","3","","42",""
"-75.67","45.32","OTTAWA INTL A","6106001","2024-03-24","2024","03","24","","1.3","","-8.9","","-3.8","","21.8","","0.0","","0.0","","0.0","","0.0","","","","30","","41",""
"-75.67","45.32","OTTAWA INTL A","6106001","2024-03-25","2024","03","25","","10.0","","-6.9","","1.6","","16.4","","0.0","","0.0","","0.0","","0.0","","","","7","","42",""
"-75.67","45.32","OTTAWA INTL A","6106001","2024-03-26","2024","03","26","","11.6","","-1.2","","5.2","","12.8","","0.0","","0.0","","0.0","","0.0","","","","10","","52",""
"-75.67","45.32","OTTAWA INTL A","6106001","2024-03-27","2024","03","27","","16.0","","4.5","","10.3","","7.7","","0.0","","1.4","","0.0","","1.4","","","","22","","43",""
"-75.67","45.32","OTTAWA INTL A","6106001","2024-03-28","2024","03","28","","9.8","","0.2","","5.0","","13.0","","0.0","","0.0","","0.0","","0.0","","","","29","","40",""
"-75.67","45.32","OTTAWA INTL A","6106001","2024-03-29","2024","03","29","","7.4","","-3.2","","2.1","","15.9","","0.0","","0.0","","0.0","","0.0","","","","29","","55",""
"-75.67","45.32","OTTAWA INTL A","6106001","2024-03-30","2024","03","30","","6.9","","-2.0","","2.5","","15.5","","0.0","","0.0","","0.0","","0.0","","","","31","","54",""
"-75.67","45.32","OTTAWA INTL A","6106001","2024-03-31","2024","03","31","","10.8","","-0.4","","5.2","","12.8","","0.0","","0.0","","0.0","","0.0","","","","29","","41",""
"-75.67","45.32","OTTAWA INTL A","6106001","2024-04-01","2024","04","01","","11.6","","-2.9","","4.4","","13.6","","0.0","","0.0","","0.0","","0.0","","","","33","","43",""
"-75.67","45.32","OTTAWA INTL A","6106001","2024-04-02","2024","04","02","","11.6","","-3.4","","4.1","","13.9","","0.0","","0.0","","0.0","","0.0","","","","7","","53",""
"-75.67","45.32","OTTAWA INTL A","6106001","2024-04-03","2024","04","03","","","M","","M","","M","","M","","M","14.5","","9.8","","22.1","","","","8","","67",""
"-75.67","45.32","OTTAWA INTL A","6106001","2024-04-04","2024","04","04","","0.6","","-1.5","","-0.5","","18.5","","0.0","","0.0","","8.8","","5.4","","7","","7","","63",""
"-75.67","45.32","OTTAWA INTL A","6106001","2024-04-05","2024","04","05","","5.4","","0.0","","2.7","","15.3","","0.0","","2.4","","1.0","","3.0","","12","","5","","41",""
"-75.67","45.32","OTTAWA INTL A","6106001","2024-04-06","2024","04","06","","12.0","","2.4","","7.2","","10.8","","0.0","","0.0","","0.0","","0.0","","0","T","1","","38",""
"-75.67","45.32","OTTAWA INTL A","6106001","2024-04-07","2024","04","07","","16.4","","-2.2","","7.1","","10.9","","0.0","","0.0","","0.0","","0.0","","","","35","","32",""
"-75.67","45.32","OTTAWA INTL A","6106001","2024-04-08","2024","04","08","","18.4","","0.1","","9.3","","8.7","","0.0","","0.0","","0.0","","0.0","","","","29","","34",""
"-75.67","45.32","OTTAWA INTL A","6106001","2024-04-09","2024","04","09","","21.1","","3.8","","12.5","","5.5","","0.0","","0.0","T","0.0","","0.0","T","","","13","","33",""
"-75.67","45.32","OTTAWA INTL A","6106001","2024-04-10","2024","04","10","","22.2","","5.8","","14.0","","4.0","","0.0","","0.2","","0.0","","0.2","","","","21","","42",""
"-75.67","45.32","OTTAWA INTL A","6106001","2024-04-11","2024","04","11","","13.0","","4.1","","8.6","","9.4","","0.0","","19.1","","0.0","","19.1","","","","8","","43",""
"-75.67","45.32","OTTAWA INTL A","6106001","2024-04-12","2024","04","12","","16.5","","6.3","","11.4","","6.6","","0.0","","4.5","","0.0","","4.5","","","","15","","68",""
"-75.67","45.32","OTTAWA INTL A","6106001","2024-04-13","2024","04","13","","6.4","","1.0","","3.7","","14.3","","0.0","","2.6","","0.0","","2.6","","","","29","","57",""
"-75.67","45.32","OTTAWA INTL A","6106001","2024-04-14","2024","04","14","","9.0","","0.5","","4.8","","13.2","","0.0","","1.6","","0.0","","1.6","","","","25","","31",""
"-75.67","45.32","OTTAWA INTL A","6106001","2024-04-15","2024","04","15","","14.7","","3.0","","8.9","","9.1","","0.0","","1.2","","0.0","","1.2","","","","28","","48",""
"-75.67","45.32","OTTAWA INTL A","6106001","2024-04-16","2024","04","16","","14.7","","-0.2","","7.3","","10.7","","0.0","","0.0","","0.0","","0.0","","","","30","","45",""
"-75.67","45.32","OTTAWA INTL A","6106001","2024-04-17","2024","04","17","","11.4","","-1.9","","4.8","","13.2","","0.0","","0.0","","0.0","","0.0","","","","6","","53",""
"-75.67","45.32","OTTAWA INTL A","6106001","2024-04-18","2024","04","18","","8.6","","3.4","","6.0","","12.0","","0.0","","6.3","","0.0","","6.3","","","","6","","48",""
"-75.67","45.32","OTTAWA INTL A","6106001","2024-04-19","2024","04","19","","11.8","","5.0","","8.4","","9.6","","0.0","","1.8","","0.0","","1.8","","","","27","","54",""
"-75.67","45.32","OTTAWA INTL A","6106001","2024-04-20","2024","04","20","","8.0","","0.6","","4.3","","13.7","","0.0","","1.0","","0.0","","1.0","","","","25","","67",""
"-75.67","45.32","OTTAWA INTL A","6106001","2024-04-21","2024","04","21","","9.6","","-1.9","","3.9","","14.1","","0.0","","0.3","","0.0","T","0.3","","","","30","","58",""
"-75.67","45.32","OTTAWA INTL A","6106001","2024-04-22","2024","04","22","","11.4","","-4.4","","3.5","","14.5","","0.0","","0.0","","0.0","","0.0","","","","25","","44",""
"-75.67","45.32","OTTAWA INTL A","6106001","2024-04-23","2024","04","23","","17.8","","1.8","","9.8","","8.2","","0.0","","9.0","","0.0","","9.0","","","","19","","70",""
"-75.67","45.32","OTTAWA INTL A","6106001","2024-04-24","2024","04","24","","8.7","","-3.4","","2.7","","15.3","","0.0","","5.8","","0.0","T","5.8","","","","34","","58",""
"-75.67","45.32","OTTAWA INTL A","6106001","2024-04-25","2024","04","25","","8.8","","-4.0","","2.4","","15.6","","0.0","","0.0","","0.0","","0.0","","","","29","","31",""
"-75.67","45.32","OTTAWA INTL A","6106001","2024-04-26","2024","04","26","","14.3","","-2.8","","5.8","","12.2","","0.0","","0.0","","0.0","","0.0","","","","","M","","M"
"-75.67","45.32","OTTAWA INTL A","6106001","2024-04-27","2024","04","27","","19.9","","2.0","","11.0","","7.0","","0.0","","2.9","","0.0","","2.9","","","","16","","46",""
"-75.67","45.32","OTTAWA INTL A","6106001","2024-04-28","2024","04","28","","21.4","","7.4","","14.4","","3.6","","0.0","","3.7","","0.0","","3.7","","","","35","","47",""
"-75.67","45.32","OTTAWA INTL A","6106001","2024-04-29","2024","04","29","","11.6","","4.9","","8.3","","9.7","","0.0","","3.2","","0.0","","3.2","","","","8","","49",""
"-75.67","45.32","OTTAWA INTL A","6106001","2024-04-30","2024","04","30","","8.1","","5.5","","6.8","","11.2","","0.0","","14.1","","0.0","","14.1","","","","7","","48",""
"-75.67","45.32","OTTAWA INTL A","6106001","2024-05-01","2024","05","01","","15.5","","5.3","","10.4","","7.6","","0.0","","1.2","","0.0","","1.2","","","","","M","","M"
"-75.67","45.32","OTTAWA INTL A","6106001","2024-05-02","2024","05","02","","19.0","","5.8","","12.4","","5.6","","0.0","","0.0","","0.0","","0.0","","","","28","","37",""
"-75.67","45.32","OTTAWA INTL A","6106001","2024-05-03","2024","05","03","","19.4","","7.0","","13.2","","4.8","","0.0","","0.0","T","0.0","","0.0","T","","","10","","35",""
"-75.67","45.32","OTTAWA INTL A","6106001","2024-05-04","2024","05","04","","23.6","","11.8","","17.7","","0.3","","0.0","","0.0","T","0.0","","0.0","T","","","13","","37",""
"-75.67","45.32","OTTAWA INTL A","6106001","2024-05-05","2024","05","05","","16.0","","11.0","","13.5","","4.5","","0.0","","12.4","","0.0","","12.4","","","","18","","42",""
"-75.67","45.32","OTTAWA INTL A","6106001","2024-05-06","2024","05","06","","21.1","","7.7","","14.4","","3.6","","0.0","","0.0","","0.0","","0.0","","","","27","","43",""
"-75.67","45.32","OTTAWA INTL A","6106001","2024-05-07","2024","05","07","","21.7","","5.9","","13.8","","4.2","","0.0","","0.0","","0.0","","0.0","","","","30","","33",""
"-75.67","45.32","OTTAWA INTL A","6106001","2024-05-08","2024","05","08","","14.6","","6.7","","10.7","","7.3","","0.0","","11.0","","0.0","","11.0","","","","8","","45",""
"-75.67","45.32","OTTAWA INTL A","6106001","2024-05-09","2024","05","09","","","M","","M","","M","","M","","M","0.0","","0.0","","0.0","","","","1","","37",""
"-75.67","45.32","OTTAWA INTL A","6106001","2024-05-10","2024","05","10","","17.6","","5.1","","11.4","","6.6","","0.0","","0.0","","0.0","","0.0","","","","8","","33",""
"-75.67","45.32","OTTAWA INTL A","6106001","2024-05-11","2024","05","11","","17.7","","4.6","","11.2","","6.8","","0.0","","1.7","","0.0","","1.7","","","","12","","42",""
"-75.67","45.32","OTTAWA INTL A","6106001","2024-05-12","2024","05","12","","16.8","","8.5","","12.7","","5.3","","0.0","","7.8","","0.0","","7.8","","","","","M","","M"
"-75.67","45.32","OTTAWA INTL A","6106001","2024-05-13","2024","05","13","","19.1","","8.6","","13.9","","4.1","","0.0","","0.3","","0.0","","0.3","","","","20","","51",""
"-75.67","45.32","OTTAWA INTL A","6106001","2024-05-14","2024","05","14","","21.4","","12.8","","17.1","","0.9","","0.0","","4.9","","0.0","","4.9","","","","19","","32",""
"-75.67","45.32","OTTAWA INTL A","6106001","2024-05-15","2024","05","15","","20.0","","10.9","","15.5","","2.5","","0.0","","0.2","","0.0","","0.2","","","","1","","31",""
"-75.67","45.32","OTTAWA INTL A","6106001","2024-05-16","2024","05","16","","23.6","","11.8","","17.7","","0.3","","0.0","","0.0","","0.0","","0.0","","","","","M","","M"
"-75.67","45.32","OTTAWA INTL A","6106001","2024-05-17","2024","05","17","","24.2","","12.6","","18.4","","0.0","","0.4","","0.8","","0.0","","0.8","","","","17","","31",""
"-75.67","45.32","OTTAWA INTL A","6106001","2024-05-18","2024","05","18","","24.2","","13.0","","18.6","","0.0","","0.6","","0.0","T","0.0","","0.0","T","","","","M","","M"
"-75.67","45.32","OTTAWA INTL A","6106001","2024-05-19","2024","05","19","","26.8","","11.1","","19.0","","0.0","","1.0","","0.0","","0.0","","0.0","","","","","M","","M"
"-75.67","45.32","OTTAWA INTL A","6106001","2024-05-20","2024","05","20","","28.7","","15.7","","22.2","","0.0","","4.2","","0.0","","0.0","","0.0","","","","25","","31",""
"-75.67","45.32","OTTAWA INTL A","6106001","2024-05-21","2024","05","21","","24.2","","15.5","","19.9","","0.0","","1.9","","17.4","","0.0","","17.4","","","","23","","58",""
"-75.67","45.32","OTTAWA INTL A","6106001","2024-05-22","2024","05","22","","30.6","","14.6","","22.6","","0.0","","4.6","","0.0","","0.0","","0.0","","","","20","","50",""
"-75.67","45.32","OTTAWA INTL A","6106001","2024-05-23","2024","05","23","","25.2","","15.4","","20.3","","0.0","","2.3","","0.4","","0.0","","0.4","","","","24","","52",""
"-75.67","45.32","OTTAWA INTL A","6106001","2024-05-24","2024","05","24","","17.6","","8.7","","13.2","","4.8","","0.0","","0.0","T","0.0","","0.0","T","","","30","","54",""
"-75.67","45.32","OTTAWA INTL A","6106001","2024-05-25","2024","05","25","","19.0","","6.9","","13.0","","5.0","","0.0","","0.2","","0.0","","0.2","","","","","M","","M"
"-75.67","45.32","OTTAWA INTL A","6106001","2024-05-26","2024","05","26","","21.9","","13.2","","17.6","","0.4","","0.0","","0.0","","0.0","","0.0","","","","","M","","M"
"-75.67","45.32","OTTAWA INTL A","6106001","2024-05-27","2024","05","27","","23.6","","16.1","","19.9","","0.0","","1.9","","39.3","","0.0","","39.3","","","","14","","58",""
"-75.67","45.32","OTTAWA INTL A","6106001","2024-05-28","2024","05","28","","19.7","","12.3","","16.0","","2.0","","0.0","","0.5","","0.0","","0.5","","","","27","","45",""
"-75.67","45.32","OTTAWA INTL A","6106001","2024-05-29","2024","05","29","","","","","","","","","","","","","","","","","","","","","","",""
"-75.67","45.32","OTTAWA INTL A","6106001","2024-05-30","2024","05","30","","","","","","","","","","","","","","","","","","","","","","",""
"-75.67","45.32","OTTAWA INTL A","6106001","2024-05-31","2024","05","31","","","","","","","","","","","","","","","","","","","","","","",""
"-75.67","45.32","OTTAWA INTL A","6106001","2024-06-01","2024","06","01","","","","","","","","","","","","","","","","","","","","","","",""
"-75.67","45.32","OTTAWA INTL A","6106001","2024-06-02","2024","06","02","","","","","","","","","","","","","","","","","","","","","","",""
"-75.67","45.32","OTTAWA INTL A","6106001","2024-06-03","2024","06","03","","","","","","","","","","","","","","","","","","","","","","",""
"-75.67","45.32","OTTAWA INTL A","6106001","2024-06-04","2024","06","04","","","","","","","","","","","","","","","","","","","","","","",""
"-75.67","45.32","OTTAWA INTL A","6106001","2024-06-05","2024","06","05","","","","","","","","","","","","","","","","","","","","","","",""
"-75.67","45.32","OTTAWA INTL A","6106001","2024-06-06","2024","06","06","","","","","","","","","","","","","","","","","","","","","","",""
"-75.67","45.32","OTTAWA INTL A","6106001","2024-06-07","2024","06","07","","","","","","","","","","","","","","","","","","","","","","",""
"-75.67","45.32","OTTAWA INTL A","6106001","2024-06-08","2024","06","08","","","","","","","","","","","","","","","","","","","","","","",""
"-75.67","45.32","OTTAWA INTL A","6106001","2024-06-09","2024","06","09","","","","","","","","","","","","","","","","","","","","","","",""
"-75.67","45.32","OTTAWA INTL A","6106001","2024-06-10","2024","06","10","","","","","","","","","","","","","","","","","","","","","","",""
"-75.67","45.32","OTTAWA INTL A","6106001","2024-06-11","2024","06","11","","","","","","","","","","","","","","","","","","","","","","",""
"-75.67","45.32","OTTAWA INTL A","6106001","2024-06-12","2024","06","12","","","","","","","","","","","","","","","","","","","","","","",""
"-75.67","45.32","OTTAWA INTL A","6106001","2024-06-13","2024","06","13","","","","","","","","","","","","","","","","","","","","","","",""
"-75.67","45.32","OTTAWA INTL A","6106001","2024-06-14","2024","06","14","","","","","","","","","","","","","","","","","","","","","","",""
"-75.67","45.32","OTTAWA INTL A","6106001","2024-06-15","2024","06","15","","","","","","","","","","","","","","","","","","","","","","",""
"-75.67","45.32","OTTAWA INTL A","6106001","2024-06-16","2024","06","16","","","","","","","","","","","","","","","","","","","","","","",""
"-75.67","45.32","OTTAWA INTL A","6106001","2024-06-17","2024","06","17","","","","","","","","","","","","","","","","","","","","","","",""
"-75.67","45.32","OTTAWA INTL A","6106001","2024-06-18","2024","06","18","","","","","","","","","","","","","","","","","","","","","","",""
"-75.67","45.32","OTTAWA INTL A","6106001","2024-06-19","2024","06","19","","","","","","","","","","","","","","","","","","","","","","",""
"-75.67","45.32","OTTAWA INTL A","6106001","2024-06-20","2024","06","20","","","","","","","","","","","","","","","","","","","","","","",""
"-75.67","45.32","OTTAWA INTL A","6106001","2024-06-21","2024","06","21","","","","","","","","","","","","","","","","","","","","","","",""
"-75.67","45.32","OTTAWA INTL A","6106001","2024-06-22","2024","06","22","","","","","","","","","","","","","","","","","","","","","","",""
"-75.67","45.32","OTTAWA INTL A","6106001","2024-06-23","2024","06","23","","","","","","","","","","","","","","","","","","","","","","",""
"-75.67","45.32","OTTAWA INTL A","6106001","2024-06-24","2024","06","24","","","","","","","","","","","","","","","","","","","","","","",""
"-75.67","45.32","OTTAWA INTL A","6106001","2024-06-25","2024","06","25","","","","","","","","","","","","","","","","","","","","","","",""
"-75.67","45.32","OTTAWA INTL A","6106001","2024-06-26","2024","06","26","","","","","","","","","","","","","","","","","","","","","","",""
"-75.67","45.32","OTTAWA INTL A","6106001","2024-06-27","2024","06","27","","","","","","","","","","","","","","","","","","","","","","",""
"-75.67","45.32","OTTAWA INTL A","6106001","2024-06-28","2024","06","28","","","","","","","","","","","","","","","","","","","","","","",""
"-75.67","45.32","OTTAWA INTL A","6106001","2024-06-29","2024","06","29","","","","","","","","","","","","","","","","","","","","","","",""
"-75.67","45.32","OTTAWA INTL A","6106001","2024-06-30","2024","06","30","","","","","","","","","","","","","","","","","","","","","","",""
"-75.67","45.32","OTTAWA INTL A","6106001","2024-07-01","2024","07","01","","","","","","","","","","","","","","","","","","","","","","",""
"-75.67","45.32","OTTAWA INTL A","6106001","2024-07-02","2024","07","02","","","","","","","","","","","","","","","","","","","","","","",""
"-75.67","45.32","OTTAWA INTL A","6106001","2024-07-03","2024","07","03","","","","","","","","","","","","","","","","","","","","","","",""
"-75.67","45.32","OTTAWA INTL A","6106001","2024-07-04","2024","07","04","","","","","","","","","","","","","","","","","","","","","","",""
"-75.67","45.32","OTTAWA INTL A","6106001","2024-07-05","2024","07","05","","","","","","","","","","","","","","","","","","","","","","",""
"-75.67","45.32","OTTAWA INTL A","6106001","2024-07-06","2024","07","06","","","","","","","","","","","","","","","","","","","","","","",""
"-75.67","45.32","OTTAWA INTL A","6106001","2024-07-07","2024","07","07","","","","","","","","","","","","","","","","","","","","","","",""
"-75.67","45.32","OTTAWA INTL A","6106001","2024-07-08","2024","07","08","","","","","","","","","","","","","","","","","","","","","","",""
"-75.67","45.32","OTTAWA INTL A","6106001","2024-07-09","2024","07","09","","","","","","","","","","","","","","","","","","","","","","",""
"-75.67","45.32","OTTAWA INTL A","6106001","2024-07-10","2024","07","10","","","","","","","","","","","","","","","","","","","","","","",""
"-75.67","45.32","OTTAWA INTL A","6106001","2024-07-11","2024","07","11","","","","","","","","","","","","","","","","","","","","","","",""
"-75.67","45.32","OTTAWA INTL A","6106001","2024-07-12","2024","07","12","","","","","","","","","","","","","","","","","","","","","","",""
"-75.67","45.32","OTTAWA INTL A","6106001","2024-07-13","2024","07","13","","","","","","","","","","","","","","","","","","","","","","",""
"-75.67","45.32","OTTAWA INTL A","6106001","2024-07-14","2024","07","14","","","","","","","","","","","","","","","","","","","","","","",""
"-75.67","45.32","OTTAWA INTL A","6106001","2024-07-15","2024","07","15","","","","","","","","","","","","","","","","","","","","","","",""
"-75.67","45.32","OTTAWA INTL A","6106001","2024-07-16","2024","07","16","","","","","","","","","","","","","","","","","","","","","","",""
"-75.67","45.32","OTTAWA INTL A","6106001","2024-07-17","2024","07","17","","","","","","","","","","","","","","","","","","","","","","",""
"-75.67","45.32","OTTAWA INTL A","6106001","2024-07-18","2024","07","18","","","","","","","","","","","","","","","","","","","","","","",""
"-75.67","45.32","OTTAWA INTL A","6106001","2024-07-19","2024","07","19","","","","","","","","","","","","","","","","","","","","","","",""
"-75.67","45.32","OTTAWA INTL A","6106001","2024-07-20","2024","07","20","","","","","","","","","","","","","","","","","","","","","","",""
"-75.67","45.32","OTTAWA INTL A","6106001","2024-07-21","2024","07","21","","","","","","","","","","","","","","","","","","","","","","",""
"-75.67","45.32","OTTAWA INTL A","6106001","2024-07-22","2024","07","22","","","","","","","","","","","","","","","","","","","","","","",""
"-75.67","45.32","OTTAWA INTL A","6106001","2024-07-23","2024","07","23","","","","","","","","","","","","","","","","","","","","","","",""
"-75.67","45.32","OTTAWA INTL A","6106001","2024-07-24","2024","07","24","","","","","","","","","","","","","","","","","","","","","","",""
"-75.67","45.32","OTTAWA INTL A","6106001","2024-07-25","2024","07","25","","","","","","","","","","","","","","","","","","","","","","",""
"-75.67","45.32","OTTAWA INTL A","6106001","2024-07-26","2024","07","26","","","","","","","","","","","","","","","","","","","","","","",""
"-75.67","45.32","OTTAWA INTL A","6106001","2024-07-27","2024","07","27","","","","","","","","","","","","","","","","","","","","","","",""
"-75.67","45.32","OTTAWA INTL A","6106001","2024-07-28","2024","07","28","","","","","","","","","","","","","","","","","","","","","","",""
"-75.67","45.32","OTTAWA INTL A","6106001","2024-07-29","2024","07","29","","","","","","","","","","","","","","","","","","","","","","",""
"-75.67","45.32","OTTAWA INTL A","6106001","2024-07-30","2024","07","30","","","","","","","","","","","","","","","","","","","","","","",""
"-75.67","45.32","OTTAWA INTL A","6106001","2024-07-31","2024","07","31","","","","","","","","","","","","","","","","","","","","","","",""
"-75.67","45.32","OTTAWA INTL A","6106001","2024-08-01","2024","08","01","","","","","","","","","","","","","","","","","","","","","","",""
"-75.67","45.32","OTTAWA INTL A","6106001","2024-08-02","2024","08","02","","","","","","","","","","","","","","","","","","","","","","",""
"-75.67","45.32","OTTAWA INTL A","6106001","2024-08-03","2024","08","03","","","","","","","","","","","","","","","","","","","","","","",""
"-75.67","45.32","OTTAWA INTL A","6106001","2024-08-04","2024","08","04","","","","","","","","","","","","","","","","","","","","","","",""
"-75.67","45.32","OTTAWA INTL A","6106001","2024-08-05","2024","08","05","","","","","","","","","","","","","","","","","","","","","","",""
"-75.67","45.32","OTTAWA INTL A","6106001","2024-08-06","2024","08","06","","","","","","","","","","","","","","","","","","","","","","",""
"-75.67","45.32","OTTAWA INTL A","6106001","2024-08-07","2024","08","07","","","","","","","","","","","","","","","","","","","","","","",""
"-75.67","45.32","OTTAWA INTL A","6106001","2024-08-08","2024","08","08","","","","","","","","","","","","","","","","","","","","","","",""
"-75.67","45.32","OTTAWA INTL A","6106001","2024-08-09","2024","08","09","","","","","","","","","","","","","","","","","","","","","","",""
"-75.67","45.32","OTTAWA INTL A","6106001","2024-08-10","2024","08","10","","","","","","","","","","","","","","","","","","","","","","",""
"-75.67","45.32","OTTAWA INTL A","6106001","2024-08-11","2024","08","11","","","","","","","","","","","","","","","","","","","","","","",""
"-75.67","45.32","OTTAWA INTL A","6106001","2024-08-12","2024","08","12","","","","","","","","","","","","","","","","","","","","","","",""
"-75.67","45.32","OTTAWA INTL A","6106001","2024-08-13","2024","08","13","","","","","","","","","","","","","","","","","","","","","","",""
"-75.67","45.32","OTTAWA INTL A","6106001","2024-08-14","2024","08","14","","","","","","","","","","","","","","","","","","","","","","",""
"-75.67","45.32","OTTAWA INTL A","6106001","2024-08-15","2024","08","15","","","","","","","","","","","","","","","","","","","","","","",""
"-75.67","45.32","OTTAWA INTL A","6106001","2024-08-16","2024","08","16","","","","","","","","","","","","","","","","","","","","","","",""
"-75.67","45.32","OTTAWA INTL A","6106001","2024-08-17","2024","08","17","","","","","","","","","","","","","","","","","","","","","","",""
"-75.67","45.32","OTTAWA INTL A","6106001","2024-08-18","2024","08","18","","","","","","","","","","","","","","","","","","","","","","",""
"-75.67","45.32","OTTAWA INTL A","6106001","2024-08-19","2024","08","19","","","","","","","","","","","","","","","","","","","","","","",""
"-75.67","45.32","OTTAWA INTL A","6106001","2024-08-20","2024","08","20","","","","","","","","","","","","","","","","","","","","","","",""
"-75.67","45.32","OTTAWA INTL A","6106001","2024-08-21","2024","08","21","","","","","","","","","","","","","","","","","","","","","","",""
"-75.67","45.32","OTTAWA INTL A","6106001","2024-08-22","2024","08","22","","","","","","","","","","","","","","","","","","","","","","",""
"-75.67","45.32","OTTAWA INTL A","6106001","2024-08-23","2024","08","23","","","","","","","","","","","","","","","","","","","","","","",""
"-75.67","45.32","OTTAWA INTL A","6106001","2024-08-24","2024","08","24","","","","","","","","","","","","","","","","","","","","","","",""
"-75.67","45.32","OTTAWA INTL A","6106001","2024-08-25","2024","08","25","","","","","","","","","","","","","","","","","","","","","","",""
"-75.67","45.32","OTTAWA INTL A","6106001","2024-08-26","2024","08","26","","","","","","","","","","","","","","","","","","","","","","",""
"-75.67","45.32","OTTAWA INTL A","6106001","2024-08-27","2024","08","27","","","","","","","","","","","","","","","","","","","","","","",""
"-75.67","45.32","OTTAWA INTL A","6106001","2024-08-28","2024","08","28","","","","","","","","","","","","","","","","","","","","","","",""
"-75.67","45.32","OTTAWA INTL A","6106001","2024-08-29","2024","08","29","","","","","","","","","","","","","","","","","","","","","","",""
"-75.67","45.32","OTTAWA INTL A","6106001","2024-08-30","2024","08","30","","","","","","","","","","","","","","","","","","","","","","",""
"-75.67","45.32","OTTAWA INTL A","6106001","2024-08-31","2024","08","31","","","","","","","","","","","","","","","","","","","","","","",""
"-75.67","45.32","OTTAWA INTL A","6106001","2024-09-01","2024","09","01","","","","","","","","","","","","","","","","","","","","","","",""
"-75.67","45.32","OTTAWA INTL A","6106001","2024-09-02","2024","09","02","","","","","","","","","","","","","","","","","","","","","","",""
"-75.67","45.32","OTTAWA INTL A","6106001","2024-09-03","2024","09","03","","","","","","","","","","","","","","","","","","","","","","",""
"-75.67","45.32","OTTAWA INTL A","6106001","2024-09-04","2024","09","04","","","","","","","","","","","","","","","","","","","","","","",""
"-75.67","45.32","OTTAWA INTL A","6106001","2024-09-05","2024","09","05","","","","","","","","","","","","","","","","","","","","","","",""
"-75.67","45.32","OTTAWA INTL A","6106001","2024-09-06","2024","09","06","","","","","","","","","","","","","","","","","","","","","","",""
"-75.67","45.32","OTTAWA INTL A","6106001","2024-09-07","2024","09","07","","","","","","","","","","","","","","","","","","","","","","",""
"-75.67","45.32","OTTAWA INTL A","6106001","2024-09-08","2024","09","08","","","","","","","","","","","","","","","","","","","","","","",""
"-75.67","45.32","OTTAWA INTL A","6106001","2024-09-09","2024","09","09","","","","","","","","","","","","","","","","","","","","","","",""
"-75.67","45.32","OTTAWA INTL A","6106001","2024-09-10","2024","09","10","","","","","","","","","","","","","","","","","","","","","","",""
"-75.67","45.32","OTTAWA INTL A","6106001","2024-09-11","2024","09","11","","","","","","","","","","","","","","","","","","","","","","",""
"-75.67","45.32","OTTAWA INTL A","6106001","2024-09-12","2024","09","12","","","","","","","","","","","","","","","","","","","","","","",""
"-75.67","45.32","OTTAWA INTL A","6106001","2024-09-13","2024","09","13","","","","","","","","","","","","","","","","","","","","","","",""
"-75.67","45.32","OTTAWA INTL A","6106001","2024-09-14","2024","09","14","","","","","","","","","","","","","","","","","","","","","","",""
"-75.67","45.32","OTTAWA INTL A","6106001","2024-09-15","2024","09","15","","","","","","","","","","","","","","","","","","","","","","",""
"-75.67","45.32","OTTAWA INTL A","6106001","2024-09-16","2024","09","16","","","","","","","","","","","","","","","","","","","","","","",""
"-75.67","45.32","OTTAWA INTL A","6106001","2024-09-17","2024","09","17","","","","","","","","","","","","","","","","","","","","","","",""
"-75.67","45.32","OTTAWA INTL A","6106001","2024-09-18","2024","09","18","","","","","","","","","","","","","","","","","","","","","","",""
"-75.67","45.32","OTTAWA INTL A","6106001","2024-09-19","2024","09","19","","","","","","","","","","","","","","","","","","","","","","",""
"-75.67","45.32","OTTAWA INTL A","6106001","2024-09-20","2024","09","20","","","","","","","","","","","","","","","","","","","","","","",""
"-75.67","45.32","OTTAWA INTL A","6106001","2024-09-21","2024","09","21","","","","","","","","","","","","","","","","","","","","","","",""
"-75.67","45.32","OTTAWA INTL A","6106001","2024-09-22","2024","09","22","","","","","","","","","","","","","","","","","","","","","","",""
"-75.67","45.32","OTTAWA INTL A","6106001","2024-09-23","2024","09","23","","","","","","","","","","","","","","","","","","","","","","",""
"-75.67","45.32","OTTAWA INTL A","6106001","2024-09-24","2024","09","24","","","","","","","","","","","","","","","","","","","","","","",""
"-75.67","45.32","OTTAWA INTL A","6106001","2024-09-25","2024","09","25","","","","","","","","","","","","","","","","","","","","","","",""
"-75.67","45.32","OTTAWA INTL A","6106001","2024-09-26","2024","09","26","","","","","","","","","","","","","","","","","","","","","","",""
"-75.67","45.32","OTTAWA INTL A","6106001","2024-09-27","2024","09","27","","","","","","","","","","","","","","","","","","","","","","",""
"-75.67","45.32","OTTAWA INTL A","6106001","2024-09-28","2024","09","28","","","","","","","","","","","","","","","","","","","","","","",""
"-75.67","45.32","OTTAWA INTL A","6106001","2024-09-29","2024","09","29","","","","","","","","","","","","","","","","","","","","","","",""
"-75.67","45.32","OTTAWA INTL A","6106001","2024-09-30","2024","09","30","","","","","","","","","","","","","","","","","","","","","","",""
"-75.67","45.32","OTTAWA INTL A","6106001","2024-10-01","2024","10","01","","","","","","","","","","","","","","","","","","","","","","",""
"-75.67","45.32","OTTAWA INTL A","6106001","2024-10-02","2024","10","02","","","","","","","","","","","","","","","","","","","","","","",""
"-75.67","45.32","OTTAWA INTL A","6106001","2024-10-03","2024","10","03","","","","","","","","","","","","","","","","","","","","","","",""
"-75.67","45.32","OTTAWA INTL A","6106001","2024-10-04","2024","10","04","","","","","","","","","","","","","","","","","","","","","","",""
"-75.67","45.32","OTTAWA INTL A","6106001","2024-10-05","2024","10","05","","","","","","","","","","","","","","","","","","","","","","",""
"-75.67","45.32","OTTAWA INTL A","6106001","2024-10-06","2024","10","06","","","","","","","","","","","","","","","","","","","","","","",""
"-75.67","45.32","OTTAWA INTL A","6106001","2024-10-07","2024","10","07","","","","","","","","","","","","","","","","","","","","","","",""
"-75.67","45.32","OTTAWA INTL A","6106001","2024-10-08","2024","10","08","","","","","","","","","","","","","","","","","","","","","","",""
"-75.67","45.32","OTTAWA INTL A","6106001","2024-10-09","2024","10","09","","","","","","","","","","","","","","","","","","","","","","",""
"-75.67","45.32","OTTAWA INTL A","6106001","2024-10-10","2024","10","10","","","","","","","","","","","","","","","","","","","","","","",""
"-75.67","45.32","OTTAWA INTL A","6106001","2024-10-11","2024","10","11","","","","","","","","","","","","","","","","","","","","","","",""
"-75.67","45.32","OTTAWA INTL A","6106001","2024-10-12","2024","10","12","","","","","","","","","","","","","","","","","","","","","","",""
"-75.67","45.32","OTTAWA INTL A","6106001","2024-10-13","2024","10","13","","","","","","","","","","","","","","","","","","","","","","",""
"-75.67","45.32","OTTAWA INTL A","6106001","2024-10-14","2024","10","14","","","","","","","","","","","","","","","","","","","","","","",""
"-75.67","45.32","OTTAWA INTL A","6106001","2024-10-15","2024","10","15","","","","","","","","","","","","","","","","","","","","","","",""
"-75.67","45.32","OTTAWA INTL A","6106001","2024-10-16","2024","10","16","","","","","","","","","","","","","","","","","","","","","","",""
"-75.67","45.32","OTTAWA INTL A","6106001","2024-10-17","2024","10","17","","","","","","","","","","","","","","","","","","","","","","",""
"-75.67","45.32","OTTAWA INTL A","6106001","2024-10-18","2024","10","18","","","","","","","","","","","","","","","","","","","","","","",""
"-75.67","45.32","OTTAWA INTL A","6106001","2024-10-19","2024","10","19","","","","","","","","","","","","","","","","","","","","","","",""
"-75.67","45.32","OTTAWA INTL A","6106001","2024-10-20","2024","10","20","","","","","","","","","","","","","","","","","","","","","","",""
"-75.67","45.32","OTTAWA INTL A","6106001","2024-10-21","2024","10","21","","","","","","","","","","","","","","","","","","","","","","",""
"-75.67","45.32","OTTAWA INTL A","6106001","2024-10-22","2024","10","22","","","","","","","","","","","","","","","","","","","","","","",""
"-75.67","45.32","OTTAWA INTL A","6106001","2024-10-23","2024","10","23","","","","","","","","","","","","","","","","","","","","","","",""
"-75.67","45.32","OTTAWA INTL A","6106001","2024-10-24","2024","10","24","","","","","","","","","","","","","","","","","","","","","","",""
"-75.67","45.32","OTTAWA INTL A","6106001","2024-10-25","2024","10","25","","","","","","","","","","","","","","","","","","","","","","",""
"-75.67","45.32","OTTAWA INTL A","6106001","2024-10-26","2024","10","26","","","","","","","","","","","","","","","","","","","","","","",""
"-75.67","45.32","OTTAWA INTL A","6106001","2024-10-27","2024","10","27","","","","","","","","","","","","","","","","","","","","","","",""
"-75.67","45.32","OTTAWA INTL A","6106001","2024-10-28","2024","10","28","","","","","","","","","","","","","","","","","","","","","","",""
"-75.67","45.32","OTTAWA INTL A","6106001","2024-10-29","2024","10","29","","","","","","","","","","","","","","","","","","","","","","",""
"-75.67","45.32","OTTAWA INTL A","6106001","2024-10-30","2024","10","30","","","","","","","","","","","","","","","","","","","","","","",""
"-75.67","45.32","OTTAWA INTL A","6106001","2024-10-31","2024","10","31","","","","","","","","","","","","","","","","","","","","","","",""
"-75.67","45.32","OTTAWA INTL A","6106001","2024-11-01","2024","11","01","","","","","","","","","","","","","","","","","","","","","","",""
"-75.67","45.32","OTTAWA INTL A","6106001","2024-11-02","2024","11","02","","","","","","","","","","","","","","","","","","","","","","",""
"-75.67","45.32","OTTAWA INTL A","6106001","2024-11-03","2024","11","03","","","","","","","","","","","","","","","","","","","","","","",""
"-75.67","45.32","OTTAWA INTL A","6106001","2024-11-04","2024","11","04","","","","","","","","","","","","","","","","","","","","","","",""
"-75.67","45.32","OTTAWA INTL A","6106001","2024-11-05","2024","11","05","","","","","","","","","","","","","","","","","","","","","","",""
"-75.67","45.32","OTTAWA INTL A","6106001","2024-11-06","2024","11","06","","","","","","","","","","","","","","","","","","","","","","",""
"-75.67","45.32","OTTAWA INTL A","6106001","2024-11-07","2024","11","07","","","","","","","","","","","","","","","","","","","","","","",""
"-75.67","45.32","OTTAWA INTL A","6106001","2024-11-08","2024","11","08","","","","","","","","","","","","","","","","","","","","","","",""
"-75.67","45.32","OTTAWA INTL A","6106001","2024-11-09","2024","11","09","","","","","","","","","","","","","","","","","","","","","","",""
"-75.67","45.32","OTTAWA INTL A","6106001","2024-11-10","2024","11","10","","","","","","","","","","","","","","","","","","","","","","",""
"-75.67","45.32","OTTAWA INTL A","6106001","2024-11-11","2024","11","11","","","","","","","","","","","","","","","","","","","","","","",""
"-75.67","45.32","OTTAWA INTL A","6106001","2024-11-12","2024","11","12","","","","","","","","","","","","","","","","","","","","","","",""
"-75.67","45.32","OTTAWA INTL A","6106001","2024-11-13","2024","11","13","","","","","","","","","","","","","","","","","","","","","","",""
"-75.67","45.32","OTTAWA INTL A","6106001","2024-11-14","2024","11","14","","","","","","","","","","","","","","","","","","","","","","",""
"-75.67","45.32","OTTAWA INTL A","6106001","2024-11-15","2024","11","15","","","","","","","","","","","","","","","","","","","","","","",""
"-75.67","45.32","OTTAWA INTL A","6106001","2024-11-16","2024","11","16","","","","","","","","","","","","","","","","","","","","","","",""
"-75.67","45.32","OTTAWA INTL A","6106001","2024-11-17","2024","11","17","","","","","","","","","","","","","","","","","","","","","","",""
"-75.67","45.32","OTTAWA INTL A","6106001","2024-11-18","2024","11","18","","","","","","","","","","","","","","","","","","","","","","",""
"-75.67","45.32","OTTAWA INTL A","6106001","2024-11-19","2024","11","19","","","","","","","","","","","","","","","","","","","","","","",""
"-75.67","45.32","OTTAWA INTL A","6106001","2024-11-20","2024","11","20","","","","","","","","","","","","","","","","","","","","","","",""
"-75.67","45.32","OTTAWA INTL A","6106001","2024-11-21","2024","11","21","","","","","","","","","","","","","","","","","","","","","","",""
"-75.67","45.32","OTTAWA INTL A","6106001","2024-11-22","2024","11","22","","","","","","","","","","","","","","","","","","","","","","",""
"-75.67","45.32","OTTAWA INTL A","6106001","2024-11-23","2024","11","23","","","","","","","","","","","","","","","","","","","","","","",""
"-75.67","45.32","OTTAWA INTL A","6106001","2024-11-24","2024","11","24","","","","","","","","","","","","","","","","","","","","","","",""
"-75.67","45.32","OTTAWA INTL A","6106001","2024-11-25","2024","11","25","","","","","","","","","","","","","","","","","","","","","","",""
"-75.67","45.32","OTTAWA INTL A","6106001","2024-11-26","2024","11","26","","","","","","","","","","","","","","","","","","","","","","",""
"-75.67","45.32","OTTAWA INTL A","6106001","2024-11-27","2024","11","27","","","","","","","","","","","","","","","","","","","","","","",""
"-75.67","45.32","OTTAWA INTL A","6106001","2024-11-28","2024","11","28","","","","","","","","","","","","","","","","","","","","","","",""
"-75.67","45.32","OTTAWA INTL A","6106001","2024-11-29","2024","11","29","","","","","","","","","","","","","","","","","","","","","","",""
"-75.67","45.32","OTTAWA INTL A","6106001","2024-11-30","2024","11","30","","","","","","","","","","","","","","","","","","","","","","",""
"-75.67","45.32","OTTAWA INTL A","6106001","2024-12-01","2024","12","01","","","","","","","","","","","","","","","","","","","","","","",""
"-75.67","45.32","OTTAWA INTL A","6106001","2024-12-02","2024","12","02","","","","","","","","","","","","","","","","","","","","","","",""
"-75.67","45.32","OTTAWA INTL A","6106001","2024-12-03","2024","12","03","","","","","","","","","","","","","","","","","","","","","","",""
"-75.67","45.32","OTTAWA INTL A","6106001","2024-12-04","2024","12","04","","","","","","","","","","","","","","","","","","","","","","",""
"-75.67","45.32","OTTAWA INTL A","6106001","2024-12-05","2024","12","05","","","","","","","","","","","","","","","","","","","","","","",""
"-75.67","45.32","OTTAWA INTL A","6106001","2024-12-06","2024","12","06","","","","","","","","","","","","","","","","","","","","","","",""
"-75.67","45.32","OTTAWA INTL A","6106001","2024-12-07","2024","12","07","","","","","","","","","","","","","","","","","","","","","","",""
"-75.67","45.32","OTTAWA INTL A","6106001","2024-12-08","2024","12","08","","","","","","","","","","","","","","","","","","","","","","",""
"-75.67","45.32","OTTAWA INTL A","6106001","2024-12-09","2024","12","09","","","","","","","","","","","","","","","","","","","","","","",""
"-75.67","45.32","OTTAWA INTL A","6106001","2024-12-10","2024","12","10","","","","","","","","","","","","","","","","","","","","","","",""
"-75.67","45.32","OTTAWA INTL A","6106001","2024-12-11","2024","12","11","","","","","","","","","","","","","","","","","","","","","","",""
"-75.67","45.32","OTTAWA INTL A","6106001","2024-12-12","2024","12","12","","","","","","","","","","","","","","","","","","","","","","",""
"-75.67","45.32","OTTAWA INTL A","6106001","2024-12-13","2024","12","13","","","","","","","","","","","","","","","","","","","","","","",""
"-75.67","45.32","OTTAWA INTL A","6106001","2024-12-14","2024","12","14","","","","","","","","","","","","","","","","","","","","","","",""
"-75.67","45.32","OTTAWA INTL A","6106001","2024-12-15","2024","12","15","","","","","","","","","","","","","","","","","","","","","","",""
"-75.67","45.32","OTTAWA INTL A","6106001","2024-12-16","2024","12","16","","","","","","","","","","","","","","","","","","","","","","",""
"-75.67","45.32","OTTAWA INTL A","6106001","2024-12-17","2024","12","17","","","","","","","","","","","","","","","","","","","","","","",""
"-75.67","45.32","OTTAWA INTL A","6106001","2024-12-18","2024","12","18","","","","","","","","","","","","","","","","","","","","","","",""
"-75.67","45.32","OTTAWA INTL A","6106001","2024-12-19","2024","12","19","","","","","","","","","","","","","","","","","","","","","","",""
"-75.67","45.32","OTTAWA INTL A","6106001","2024-12-20","2024","12","20","","","","","","","","","","","","","","","","","","","","","","",""
"-75.67","45.32","OTTAWA INTL A","6106001","2024-12-21","2024","12","21","","","","","","","","","","","","","","","","","","","","","","",""
"-75.67","45.32","OTTAWA INTL A","6106001","2024-12-22","2024","12","22","","","","","","","","","","","","","","","","","","","","","","",""
"-75.67","45.32","OTTAWA INTL A","6106001","2024-12-23","2024","12","23","","","","","","","","","","","","","","","","","","","","","","",""
"-75.67","45.32","OTTAWA INTL A","6106001","2024-12-24","2024","12","24","","","","","","","","","","","","","","","","","","","","","","",""
"-75.67","45.32","OTTAWA INTL A","6106001","2024-12-25","2024","12","25","","","","","","","","","","","","","","","","","","","","","","",""
"-75.67","45.32","OTTAWA INTL A","6106001","2024-12-26","2024","12","26","","","","","","","","","","","","","","","","","","","","","","",""
"-75.67","45.32","OTTAWA INTL A","6106001","2024-12-27","2024","12","27","","","","","","","","","","","","","","","","","","","","","","",""
"-75.67","45.32","OTTAWA INTL A","6106001","2024-12-28","2024","12","28","","","","","","","","","","","","","","","","","","","","","","",""
"-75.67","45.32","OTTAWA INTL A","6106001","2024-12-29","2024","12","29","","","","","","","","","","","","","","","","","","","","","","",""
"-75.67","45.32","OTTAWA INTL A","6106001","2024-12-30","2024","12","30","","","","","","","","","","","","","","","","","","","","","","",""
"-75.67","45.32","OTTAWA INTL A","6106001","2024-12-31","2024","12","31","","","","","","","","","","","","","","","","","","","","","","",""
